date,campaign_name,country,spend,impressions,clicks,installs,currency
2026-07-04,Say_Global_Auto_Install_050726_All,AF,1746,327,7,1,VND
2026-07-04,Say_Global_Auto_Install_050726_All,DZ,2396,157,3,,VND
2026-07-04,Say_Global_Auto_Install_050726_All,AO,80,3,1,,VND
2026-07-04,Say_Global_Auto_Install_050726_All,AR,28,2,0,,VND
2026-07-04,Say_Global_Auto_Install_050726_All,AU,3,2,0,,VND
2026-07-04,Say_Global_Auto_Install_050726_All,AZ,27,1,0,,VND
2026-07-04,Say_Global_Auto_Install_050726_All,BH,0,1,0,,VND
2026-07-04,Say_Global_Auto_Install_050726_All,BD,3635,190,3,,VND
2026-07-04,Say_Global_Auto_Install_050726_All,BZ,25,1,0,,VND
2026-07-04,Say_Global_Auto_Install_050726_All,BJ,22,2,0,,VND
2026-07-04,Say_Global_Auto_Install_050726_All,BT,474,32,2,,VND
2026-07-04,Say_Global_Auto_Install_050726_All,BO,34,4,0,,VND
2026-07-04,Say_Global_Auto_Install_050726_All,BW,290,9,0,,VND
2026-07-04,Say_Global_Auto_Install_050726_All,BR,0,1,0,,VND
2026-07-04,Say_Global_Auto_Install_050726_All,BN,57,1,0,,VND
2026-07-04,Say_Global_Auto_Install_050726_All,BF,28,1,0,,VND
2026-07-04,Say_Global_Auto_Install_050726_All,BI,86,9,0,,VND
2026-07-04,Say_Global_Auto_Install_050726_All,KH,180,10,0,,VND
2026-07-04,Say_Global_Auto_Install_050726_All,CM,157,9,0,,VND
2026-07-04,Say_Global_Auto_Install_050726_All,CF,3,2,0,,VND
2026-07-04,Say_Global_Auto_Install_050726_All,TD,50,8,0,,VND
2026-07-04,Say_Global_Auto_Install_050726_All,CL,120,1,0,,VND
2026-07-04,Say_Global_Auto_Install_050726_All,CN,0,1,1,,VND
2026-07-04,Say_Global_Auto_Install_050726_All,KM,81,2,0,,VND
2026-07-04,Say_Global_Auto_Install_050726_All,CK,2,1,0,,VND
2026-07-04,Say_Global_Auto_Install_050726_All,CR,92,1,0,,VND
2026-07-04,Say_Global_Auto_Install_050726_All,CD,1605,23,1,,VND
2026-07-04,Say_Global_Auto_Install_050726_All,DO,29,1,0,,VND
2026-07-04,Say_Global_Auto_Install_050726_All,EC,15,2,0,,VND
2026-07-04,Say_Global_Auto_Install_050726_All,EG,1083,32,0,,VND
2026-07-04,Say_Global_Auto_Install_050726_All,SV,66,3,0,,VND
2026-07-04,Say_Global_Auto_Install_050726_All,GQ,2,1,0,,VND
2026-07-04,Say_Global_Auto_Install_050726_All,ET,5172,407,6,,VND
2026-07-04,Say_Global_Auto_Install_050726_All,FM,34,3,0,,VND
2026-07-04,Say_Global_Auto_Install_050726_All,FJ,180,22,0,,VND
2026-07-04,Say_Global_Auto_Install_050726_All,GF,24,1,0,,VND
2026-07-04,Say_Global_Auto_Install_050726_All,GA,4,1,0,,VND
2026-07-04,Say_Global_Auto_Install_050726_All,GM,7,5,0,,VND
2026-07-04,Say_Global_Auto_Install_050726_All,GE,14,1,0,,VND
2026-07-04,Say_Global_Auto_Install_050726_All,GH,266,4,0,,VND
2026-07-04,Say_Global_Auto_Install_050726_All,GT,21,1,0,,VND
2026-07-04,Say_Global_Auto_Install_050726_All,GN,22,9,0,,VND
2026-07-04,Say_Global_Auto_Install_050726_All,GW,0,1,0,,VND
2026-07-04,Say_Global_Auto_Install_050726_All,HT,25,5,0,,VND
2026-07-04,Say_Global_Auto_Install_050726_All,HN,11,1,0,,VND
2026-07-04,Say_Global_Auto_Install_050726_All,IN,19712,2556,29,4,VND
2026-07-04,Say_Global_Auto_Install_050726_All,ID,394,14,1,,VND
2026-07-04,Say_Global_Auto_Install_050726_All,IQ,795,33,1,,VND
2026-07-04,Say_Global_Auto_Install_050726_All,CI,270,3,0,,VND
2026-07-04,Say_Global_Auto_Install_050726_All,JP,0,1,0,,VND
2026-07-04,Say_Global_Auto_Install_050726_All,JO,291,10,1,,VND
2026-07-04,Say_Global_Auto_Install_050726_All,KE,1027,47,1,1,VND
2026-07-04,Say_Global_Auto_Install_050726_All,KI,222,9,0,,VND
2026-07-04,Say_Global_Auto_Install_050726_All,KW,0,1,0,,VND
2026-07-04,Say_Global_Auto_Install_050726_All,KG,9,3,1,,VND
2026-07-04,Say_Global_Auto_Install_050726_All,LA,271,4,0,,VND
2026-07-04,Say_Global_Auto_Install_050726_All,LB,36,2,0,,VND
2026-07-04,Say_Global_Auto_Install_050726_All,LS,2,1,0,,VND
2026-07-04,Say_Global_Auto_Install_050726_All,LR,310,8,0,,VND
2026-07-04,Say_Global_Auto_Install_050726_All,LY,749,34,0,,VND
2026-07-04,Say_Global_Auto_Install_050726_All,MG,1322,64,1,,VND
2026-07-04,Say_Global_Auto_Install_050726_All,MW,2013,117,4,,VND
2026-07-04,Say_Global_Auto_Install_050726_All,MY,252,1,0,,VND
2026-07-04,Say_Global_Auto_Install_050726_All,MV,137,10,0,,VND
2026-07-04,Say_Global_Auto_Install_050726_All,ML,78,2,0,,VND
2026-07-04,Say_Global_Auto_Install_050726_All,MU,49,4,0,,VND
2026-07-04,Say_Global_Auto_Install_050726_All,MX,31,2,0,,VND
2026-07-04,Say_Global_Auto_Install_050726_All,MN,39,3,0,,VND
2026-07-04,Say_Global_Auto_Install_050726_All,MA,428,7,0,,VND
2026-07-04,Say_Global_Auto_Install_050726_All,MZ,61,5,0,,VND
2026-07-04,Say_Global_Auto_Install_050726_All,MM,303,9,0,,VND
2026-07-04,Say_Global_Auto_Install_050726_All,NA,183,7,1,,VND
2026-07-04,Say_Global_Auto_Install_050726_All,NP,3058,305,4,1,VND
2026-07-04,Say_Global_Auto_Install_050726_All,NZ,76,1,0,,VND
2026-07-04,Say_Global_Auto_Install_050726_All,NI,210,5,0,,VND
2026-07-04,Say_Global_Auto_Install_050726_All,NE,4,1,0,,VND
2026-07-04,Say_Global_Auto_Install_050726_All,NG,753,27,1,,VND
2026-07-04,Say_Global_Auto_Install_050726_All,OM,9,1,0,,VND
2026-07-04,Say_Global_Auto_Install_050726_All,PK,13618,1056,16,4,VND
2026-07-04,Say_Global_Auto_Install_050726_All,PS,30,3,0,,VND
2026-07-04,Say_Global_Auto_Install_050726_All,PA,31,2,0,,VND
2026-07-04,Say_Global_Auto_Install_050726_All,PG,382,31,0,,VND
2026-07-04,Say_Global_Auto_Install_050726_All,PE,324,5,2,1,VND
2026-07-04,Say_Global_Auto_Install_050726_All,PH,4057,43,1,,VND
2026-07-04,Say_Global_Auto_Install_050726_All,QA,16,1,0,,VND
2026-07-04,Say_Global_Auto_Install_050726_All,CG,171,5,0,,VND
2026-07-04,Say_Global_Auto_Install_050726_All,RW,258,25,0,,VND
2026-07-04,Say_Global_Auto_Install_050726_All,WS,10,3,0,,VND
2026-07-04,Say_Global_Auto_Install_050726_All,ST,27,1,0,,VND
2026-07-04,Say_Global_Auto_Install_050726_All,SA,52,4,0,,VND
2026-07-04,Say_Global_Auto_Install_050726_All,SN,8,2,0,,VND
2026-07-04,Say_Global_Auto_Install_050726_All,SC,1,3,0,,VND
2026-07-04,Say_Global_Auto_Install_050726_All,SL,299,12,0,,VND
2026-07-04,Say_Global_Auto_Install_050726_All,SB,290,15,0,,VND
2026-07-04,Say_Global_Auto_Install_050726_All,SO,1751,102,2,,VND
2026-07-04,Say_Global_Auto_Install_050726_All,ZA,82,2,0,,VND
2026-07-04,Say_Global_Auto_Install_050726_All,SS,507,58,2,,VND
2026-07-04,Say_Global_Auto_Install_050726_All,LK,1895,75,1,,VND
2026-07-04,Say_Global_Auto_Install_050726_All,SR,216,2,0,,VND
2026-07-04,Say_Global_Auto_Install_050726_All,SZ,1,1,0,,VND
2026-07-04,Say_Global_Auto_Install_050726_All,SY,1475,163,1,,VND
2026-07-04,Say_Global_Auto_Install_050726_All,TJ,104,16,0,,VND
2026-07-04,Say_Global_Auto_Install_050726_All,TZ,583,28,0,,VND
2026-07-04,Say_Global_Auto_Install_050726_All,TH,281,9,0,,VND
2026-07-04,Say_Global_Auto_Install_050726_All,TL,282,36,0,,VND
2026-07-04,Say_Global_Auto_Install_050726_All,TG,13,1,0,,VND
2026-07-04,Say_Global_Auto_Install_050726_All,TO,5,1,0,,VND
2026-07-04,Say_Global_Auto_Install_050726_All,TT,45,1,1,1,VND
2026-07-04,Say_Global_Auto_Install_050726_All,TN,824,15,0,,VND
2026-07-04,Say_Global_Auto_Install_050726_All,TR,19,2,0,,VND
2026-07-04,Say_Global_Auto_Install_050726_All,TM,217,20,0,,VND
2026-07-04,Say_Global_Auto_Install_050726_All,TV,26,1,0,,VND
2026-07-04,Say_Global_Auto_Install_050726_All,UG,107,7,1,,VND
2026-07-04,Say_Global_Auto_Install_050726_All,AE,16,3,0,,VND
2026-07-04,Say_Global_Auto_Install_050726_All,UZ,427,42,0,,VND
2026-07-04,Say_Global_Auto_Install_050726_All,VU,10,1,0,,VND
2026-07-04,Say_Global_Auto_Install_050726_All,VE,375,21,1,,VND
2026-07-04,Say_Global_Auto_Install_050726_All,VN,64,5,0,,VND
2026-07-04,Say_Global_Auto_Install_050726_All,YE,749,43,2,1,VND
2026-07-04,Say_Global_Auto_Install_050726_All,ZM,906,34,1,,VND
2026-07-04,Say_Global_Auto_Install_050726_All,ZW,1133,28,1,1,VND
2026-07-05,Say_Global_Auto_Install_050726_All,AF,8416,1344,6,,VND
2026-07-05,Say_Global_Auto_Install_050726_All,DZ,43283,4074,66,15,VND
2026-07-05,Say_Global_Auto_Install_050726_All,AO,1848,157,0,,VND
2026-07-05,Say_Global_Auto_Install_050726_All,AR,103,6,0,,VND
2026-07-05,Say_Global_Auto_Install_050726_All,AM,20,5,0,,VND
2026-07-05,Say_Global_Auto_Install_050726_All,AU,1,1,0,,VND
2026-07-05,Say_Global_Auto_Install_050726_All,AZ,372,10,1,,VND
2026-07-05,Say_Global_Auto_Install_050726_All,BH,57,2,0,,VND
2026-07-05,Say_Global_Auto_Install_050726_All,BD,14322,1079,18,1,VND
2026-07-05,Say_Global_Auto_Install_050726_All,BZ,58,5,0,,VND
2026-07-05,Say_Global_Auto_Install_050726_All,BJ,294,32,0,,VND
2026-07-05,Say_Global_Auto_Install_050726_All,BT,1260,171,2,,VND
2026-07-05,Say_Global_Auto_Install_050726_All,BO,185,10,0,,VND
2026-07-05,Say_Global_Auto_Install_050726_All,BW,430,39,0,,VND
2026-07-05,Say_Global_Auto_Install_050726_All,BR,2016,20,3,,VND
2026-07-05,Say_Global_Auto_Install_050726_All,BN,112,2,0,,VND
2026-07-05,Say_Global_Auto_Install_050726_All,BF,565,53,1,,VND
2026-07-05,Say_Global_Auto_Install_050726_All,BI,942,227,1,,VND
2026-07-05,Say_Global_Auto_Install_050726_All,KH,988,57,0,,VND
2026-07-05,Say_Global_Auto_Install_050726_All,CM,2653,100,4,1,VND
2026-07-05,Say_Global_Auto_Install_050726_All,CV,16,2,0,,VND
2026-07-05,Say_Global_Auto_Install_050726_All,CF,41,6,0,,VND
2026-07-05,Say_Global_Auto_Install_050726_All,TD,1967,125,5,1,VND
2026-07-05,Say_Global_Auto_Install_050726_All,CN,23,4,0,,VND
2026-07-05,Say_Global_Auto_Install_050726_All,CO,727,9,2,2,VND
2026-07-05,Say_Global_Auto_Install_050726_All,KM,174,12,0,,VND
2026-07-05,Say_Global_Auto_Install_050726_All,CR,273,6,0,,VND
2026-07-05,Say_Global_Auto_Install_050726_All,CW,103,1,0,,VND
2026-07-05,Say_Global_Auto_Install_050726_All,CY,64,3,0,,VND
2026-07-05,Say_Global_Auto_Install_050726_All,CD,2286,183,1,,VND
2026-07-05,Say_Global_Auto_Install_050726_All,DJ,48,5,0,,VND
2026-07-05,Say_Global_Auto_Install_050726_All,DO,368,9,0,,VND
2026-07-05,Say_Global_Auto_Install_050726_All,EC,32,1,0,,VND
2026-07-05,Say_Global_Auto_Install_050726_All,EG,10477,365,11,4,VND
2026-07-05,Say_Global_Auto_Install_050726_All,SV,118,5,0,,VND
2026-07-05,Say_Global_Auto_Install_050726_All,GQ,33,8,0,,VND
2026-07-05,Say_Global_Auto_Install_050726_All,ER,116,15,1,,VND
2026-07-05,Say_Global_Auto_Install_050726_All,ET,22987,2566,22,,VND
2026-07-05,Say_Global_Auto_Install_050726_All,FM,99,5,0,,VND
2026-07-05,Say_Global_Auto_Install_050726_All,FJ,1300,62,1,,VND
2026-07-05,Say_Global_Auto_Install_050726_All,GA,4,3,0,,VND
2026-07-05,Say_Global_Auto_Install_050726_All,GM,344,36,0,,VND
2026-07-05,Say_Global_Auto_Install_050726_All,GE,78,2,0,,VND
2026-07-05,Say_Global_Auto_Install_050726_All,GH,1506,53,3,,VND
2026-07-05,Say_Global_Auto_Install_050726_All,GD,48,2,0,,VND
2026-07-05,Say_Global_Auto_Install_050726_All,GT,209,7,2,1,VND
2026-07-05,Say_Global_Auto_Install_050726_All,GN,1551,158,2,,VND
2026-07-05,Say_Global_Auto_Install_050726_All,GW,92,19,0,,VND
2026-07-05,Say_Global_Auto_Install_050726_All,GY,199,9,0,,VND
2026-07-05,Say_Global_Auto_Install_050726_All,HT,1013,67,0,,VND
2026-07-05,Say_Global_Auto_Install_050726_All,HN,171,3,0,,VND
2026-07-05,Say_Global_Auto_Install_050726_All,IN,50609,5202,77,30,VND
2026-07-05,Say_Global_Auto_Install_050726_All,ID,1968,81,4,1,VND
2026-07-05,Say_Global_Auto_Install_050726_All,IQ,6663,391,9,,VND
2026-07-05,Say_Global_Auto_Install_050726_All,CI,2396,48,4,,VND
2026-07-05,Say_Global_Auto_Install_050726_All,JM,23,2,0,,VND
2026-07-05,Say_Global_Auto_Install_050726_All,JP,0,1,0,,VND
2026-07-05,Say_Global_Auto_Install_050726_All,JO,1020,25,0,,VND
2026-07-05,Say_Global_Auto_Install_050726_All,KZ,14,1,0,,VND
2026-07-05,Say_Global_Auto_Install_050726_All,KE,6995,310,6,2,VND
2026-07-05,Say_Global_Auto_Install_050726_All,KI,319,23,0,,VND
2026-07-05,Say_Global_Auto_Install_050726_All,KW,94,4,0,,VND
2026-07-05,Say_Global_Auto_Install_050726_All,KG,231,9,0,,VND
2026-07-05,Say_Global_Auto_Install_050726_All,LA,1136,22,1,1,VND
2026-07-05,Say_Global_Auto_Install_050726_All,LB,572,18,0,,VND
2026-07-05,Say_Global_Auto_Install_050726_All,LS,465,34,0,,VND
2026-07-05,Say_Global_Auto_Install_050726_All,LR,1845,170,3,1,VND
2026-07-05,Say_Global_Auto_Install_050726_All,LY,6398,468,10,2,VND
2026-07-05,Say_Global_Auto_Install_050726_All,MG,5868,609,8,2,VND
2026-07-05,Say_Global_Auto_Install_050726_All,MW,5139,664,7,1,VND
2026-07-05,Say_Global_Auto_Install_050726_All,MY,144,5,0,,VND
2026-07-05,Say_Global_Auto_Install_050726_All,MV,263,24,0,,VND
2026-07-05,Say_Global_Auto_Install_050726_All,ML,238,36,0,,VND
2026-07-05,Say_Global_Auto_Install_050726_All,MH,1,1,0,,VND
2026-07-05,Say_Global_Auto_Install_050726_All,MR,551,36,0,,VND
2026-07-05,Say_Global_Auto_Install_050726_All,MU,172,7,0,,VND
2026-07-05,Say_Global_Auto_Install_050726_All,MX,263,9,0,,VND
2026-07-05,Say_Global_Auto_Install_050726_All,MN,160,8,0,,VND
2026-07-05,Say_Global_Auto_Install_050726_All,MA,4436,333,7,1,VND
2026-07-05,Say_Global_Auto_Install_050726_All,MZ,1394,123,2,,VND
2026-07-05,Say_Global_Auto_Install_050726_All,MM,1344,74,2,,VND
2026-07-05,Say_Global_Auto_Install_050726_All,NA,571,21,0,,VND
2026-07-05,Say_Global_Auto_Install_050726_All,NR,8,1,0,,VND
2026-07-05,Say_Global_Auto_Install_050726_All,NP,6716,848,8,,VND
2026-07-05,Say_Global_Auto_Install_050726_All,NI,370,20,0,,VND
2026-07-05,Say_Global_Auto_Install_050726_All,NE,391,27,0,,VND
2026-07-05,Say_Global_Auto_Install_050726_All,NG,5687,320,6,,VND
2026-07-05,Say_Global_Auto_Install_050726_All,OM,414,9,2,,VND
2026-07-05,Say_Global_Auto_Install_050726_All,PK,32657,2714,51,10,VND
2026-07-05,Say_Global_Auto_Install_050726_All,PW,8,1,0,,VND
2026-07-05,Say_Global_Auto_Install_050726_All,PS,1474,43,0,,VND
2026-07-05,Say_Global_Auto_Install_050726_All,PA,127,3,0,,VND
2026-07-05,Say_Global_Auto_Install_050726_All,PG,1461,130,1,,VND
2026-07-05,Say_Global_Auto_Install_050726_All,PY,31,2,0,,VND
2026-07-05,Say_Global_Auto_Install_050726_All,PE,124,2,0,,VND
2026-07-05,Say_Global_Auto_Install_050726_All,PH,3372,103,2,,VND
2026-07-05,Say_Global_Auto_Install_050726_All,PR,38,2,0,,VND
2026-07-05,Say_Global_Auto_Install_050726_All,QA,188,7,0,,VND
2026-07-05,Say_Global_Auto_Install_050726_All,CG,398,50,0,,VND
2026-07-05,Say_Global_Auto_Install_050726_All,RW,863,130,1,,VND
2026-07-05,Say_Global_Auto_Install_050726_All,LC,46,1,0,,VND
2026-07-05,Say_Global_Auto_Install_050726_All,WS,95,7,0,,VND
2026-07-05,Say_Global_Auto_Install_050726_All,ST,32,4,0,,VND
2026-07-05,Say_Global_Auto_Install_050726_All,SA,516,14,2,,VND
2026-07-05,Say_Global_Auto_Install_050726_All,SN,404,42,1,,VND
2026-07-05,Say_Global_Auto_Install_050726_All,SC,17,2,0,,VND
2026-07-05,Say_Global_Auto_Install_050726_All,SL,2190,180,1,,VND
2026-07-05,Say_Global_Auto_Install_050726_All,SB,678,35,0,,VND
2026-07-05,Say_Global_Auto_Install_050726_All,SO,12087,898,20,5,VND
2026-07-05,Say_Global_Auto_Install_050726_All,ZA,2650,39,3,1,VND
2026-07-05,Say_Global_Auto_Install_050726_All,SS,7977,668,10,2,VND
2026-07-05,Say_Global_Auto_Install_050726_All,LK,3476,240,4,,VND
2026-07-05,Say_Global_Auto_Install_050726_All,SR,232,8,0,,VND
2026-07-05,Say_Global_Auto_Install_050726_All,SZ,210,16,1,,VND
2026-07-05,Say_Global_Auto_Install_050726_All,SY,7937,1381,12,,VND
2026-07-05,Say_Global_Auto_Install_050726_All,TJ,423,49,0,,VND
2026-07-05,Say_Global_Auto_Install_050726_All,TZ,2834,129,3,,VND
2026-07-05,Say_Global_Auto_Install_050726_All,TH,1679,13,1,1,VND
2026-07-05,Say_Global_Auto_Install_050726_All,TL,1791,273,2,,VND
2026-07-05,Say_Global_Auto_Install_050726_All,TG,118,24,0,,VND
2026-07-05,Say_Global_Auto_Install_050726_All,TO,80,5,0,,VND
2026-07-05,Say_Global_Auto_Install_050726_All,TT,221,6,0,,VND
2026-07-05,Say_Global_Auto_Install_050726_All,TN,5862,272,9,4,VND
2026-07-05,Say_Global_Auto_Install_050726_All,TR,3103,20,5,,VND
2026-07-05,Say_Global_Auto_Install_050726_All,TM,553,46,1,,VND
2026-07-05,Say_Global_Auto_Install_050726_All,TV,27,1,0,,VND
2026-07-05,Say_Global_Auto_Install_050726_All,UG,821,57,0,,VND
2026-07-05,Say_Global_Auto_Install_050726_All,AE,433,6,1,1,VND
2026-07-05,Say_Global_Auto_Install_050726_All,US,34,1,0,,VND
2026-07-05,Say_Global_Auto_Install_050726_All,UZ,1556,94,1,,VND
2026-07-05,Say_Global_Auto_Install_050726_All,VU,211,15,0,,VND
2026-07-05,Say_Global_Auto_Install_050726_All,VE,3508,150,5,,VND
2026-07-05,Say_Global_Auto_Install_050726_All,VN,1476,29,1,1,VND
2026-07-05,Say_Global_Auto_Install_050726_All,YE,4245,634,8,1,VND
2026-07-05,Say_Global_Auto_Install_050726_All,ZM,3863,214,2,,VND
2026-07-05,Say_Global_Auto_Install_050726_All,ZW,2911,114,3,1,VND
2026-07-05,Say_Global_Auto_Install_060726_All,AF,1810,257,3,,VND
2026-07-05,Say_Global_Auto_Install_060726_All,DZ,3572,225,1,,VND
2026-07-05,Say_Global_Auto_Install_060726_All,AO,94,12,0,,VND
2026-07-05,Say_Global_Auto_Install_060726_All,AR,62,4,0,,VND
2026-07-05,Say_Global_Auto_Install_060726_All,AM,5,1,0,,VND
2026-07-05,Say_Global_Auto_Install_060726_All,AZ,13,1,0,,VND
2026-07-05,Say_Global_Auto_Install_060726_All,BD,3585,221,5,2,VND
2026-07-05,Say_Global_Auto_Install_060726_All,BZ,19,2,1,,VND
2026-07-05,Say_Global_Auto_Install_060726_All,BJ,192,7,0,,VND
2026-07-05,Say_Global_Auto_Install_060726_All,BT,468,40,0,,VND
2026-07-05,Say_Global_Auto_Install_060726_All,BO,14,1,0,,VND
2026-07-05,Say_Global_Auto_Install_060726_All,BW,88,9,1,,VND
2026-07-05,Say_Global_Auto_Install_060726_All,BR,176,4,0,,VND
2026-07-05,Say_Global_Auto_Install_060726_All,BN,29,1,0,,VND
2026-07-05,Say_Global_Auto_Install_060726_All,BF,841,7,2,,VND
2026-07-05,Say_Global_Auto_Install_060726_All,BI,66,16,0,,VND
2026-07-05,Say_Global_Auto_Install_060726_All,KH,312,8,0,,VND
2026-07-05,Say_Global_Auto_Install_060726_All,CM,485,13,0,,VND
2026-07-05,Say_Global_Auto_Install_060726_All,TD,160,8,1,,VND
2026-07-05,Say_Global_Auto_Install_060726_All,CL,180,1,0,,VND
2026-07-05,Say_Global_Auto_Install_060726_All,CN,0,1,0,,VND
2026-07-05,Say_Global_Auto_Install_060726_All,CO,150,5,0,,VND
2026-07-05,Say_Global_Auto_Install_060726_All,CR,60,1,0,,VND
2026-07-05,Say_Global_Auto_Install_060726_All,CD,58,11,0,,VND
2026-07-05,Say_Global_Auto_Install_060726_All,DO,224,8,0,,VND
2026-07-05,Say_Global_Auto_Install_060726_All,EC,124,2,0,,VND
2026-07-05,Say_Global_Auto_Install_060726_All,EG,2702,44,2,1,VND
2026-07-05,Say_Global_Auto_Install_060726_All,GQ,3,1,0,,VND
2026-07-05,Say_Global_Auto_Install_060726_All,ER,16,2,0,,VND
2026-07-05,Say_Global_Auto_Install_060726_All,ET,3260,271,9,1,VND
2026-07-05,Say_Global_Auto_Install_060726_All,FM,74,4,0,,VND
2026-07-05,Say_Global_Auto_Install_060726_All,FJ,218,19,0,,VND
2026-07-05,Say_Global_Auto_Install_060726_All,GM,4,2,0,,VND
2026-07-05,Say_Global_Auto_Install_060726_All,GH,233,4,1,,VND
2026-07-05,Say_Global_Auto_Install_060726_All,GT,40,1,0,,VND
2026-07-05,Say_Global_Auto_Install_060726_All,GN,17,5,0,,VND
2026-07-05,Say_Global_Auto_Install_060726_All,GW,2,2,0,,VND
2026-07-05,Say_Global_Auto_Install_060726_All,GY,60,3,0,,VND
2026-07-05,Say_Global_Auto_Install_060726_All,HT,113,23,0,,VND
2026-07-05,Say_Global_Auto_Install_060726_All,HN,83,3,0,,VND
2026-07-05,Say_Global_Auto_Install_060726_All,IN,12406,1211,14,5,VND
2026-07-05,Say_Global_Auto_Install_060726_All,ID,1338,31,0,,VND
2026-07-05,Say_Global_Auto_Install_060726_All,IQ,1059,44,2,,VND
2026-07-05,Say_Global_Auto_Install_060726_All,CI,85,4,0,,VND
2026-07-05,Say_Global_Auto_Install_060726_All,JM,1,1,0,,VND
2026-07-05,Say_Global_Auto_Install_060726_All,JO,137,4,0,,VND
2026-07-05,Say_Global_Auto_Install_060726_All,KE,893,39,2,,VND
2026-07-05,Say_Global_Auto_Install_060726_All,KI,105,6,0,,VND
2026-07-05,Say_Global_Auto_Install_060726_All,KW,27,1,0,,VND
2026-07-05,Say_Global_Auto_Install_060726_All,KG,161,7,1,,VND
2026-07-05,Say_Global_Auto_Install_060726_All,LA,151,4,0,,VND
2026-07-05,Say_Global_Auto_Install_060726_All,LB,157,2,0,,VND
2026-07-05,Say_Global_Auto_Install_060726_All,LS,101,5,0,,VND
2026-07-05,Say_Global_Auto_Install_060726_All,LR,211,19,0,,VND
2026-07-05,Say_Global_Auto_Install_060726_All,LY,594,37,0,,VND
2026-07-05,Say_Global_Auto_Install_060726_All,MG,865,79,2,,VND
2026-07-05,Say_Global_Auto_Install_060726_All,MW,1719,121,3,1,VND
2026-07-05,Say_Global_Auto_Install_060726_All,MY,1,1,0,,VND
2026-07-05,Say_Global_Auto_Install_060726_All,MV,34,1,0,,VND
2026-07-05,Say_Global_Auto_Install_060726_All,ML,175,5,1,,VND
2026-07-05,Say_Global_Auto_Install_060726_All,MR,30,4,0,,VND
2026-07-05,Say_Global_Auto_Install_060726_All,MU,162,1,0,,VND
2026-07-05,Say_Global_Auto_Install_060726_All,MN,44,1,0,,VND
2026-07-05,Say_Global_Auto_Install_060726_All,MA,152,14,1,,VND
2026-07-05,Say_Global_Auto_Install_060726_All,MZ,133,10,0,,VND
2026-07-05,Say_Global_Auto_Install_060726_All,MM,406,10,1,1,VND
2026-07-05,Say_Global_Auto_Install_060726_All,NP,1913,224,1,,VND
2026-07-05,Say_Global_Auto_Install_060726_All,NZ,74,1,0,,VND
2026-07-05,Say_Global_Auto_Install_060726_All,NI,167,11,0,,VND
2026-07-05,Say_Global_Auto_Install_060726_All,NE,2,3,0,,VND
2026-07-05,Say_Global_Auto_Install_060726_All,NG,960,33,1,1,VND
2026-07-05,Say_Global_Auto_Install_060726_All,OM,214,2,0,,VND
2026-07-05,Say_Global_Auto_Install_060726_All,PK,10097,806,18,5,VND
2026-07-05,Say_Global_Auto_Install_060726_All,PS,9,1,0,,VND
2026-07-05,Say_Global_Auto_Install_060726_All,PG,324,43,0,,VND
2026-07-05,Say_Global_Auto_Install_060726_All,PH,926,22,1,1,VND
2026-07-05,Say_Global_Auto_Install_060726_All,CG,111,6,1,,VND
2026-07-05,Say_Global_Auto_Install_060726_All,RW,105,21,0,,VND
2026-07-05,Say_Global_Auto_Install_060726_All,LC,13,1,0,,VND
2026-07-05,Say_Global_Auto_Install_060726_All,VC,18,2,0,,VND
2026-07-05,Say_Global_Auto_Install_060726_All,WS,59,7,0,,VND
2026-07-05,Say_Global_Auto_Install_060726_All,ST,47,3,0,,VND
2026-07-05,Say_Global_Auto_Install_060726_All,SA,159,3,0,,VND
2026-07-05,Say_Global_Auto_Install_060726_All,SN,55,8,0,,VND
2026-07-05,Say_Global_Auto_Install_060726_All,SC,0,1,0,,VND
2026-07-05,Say_Global_Auto_Install_060726_All,SL,146,14,0,,VND
2026-07-05,Say_Global_Auto_Install_060726_All,SX,3,2,0,,VND
2026-07-05,Say_Global_Auto_Install_060726_All,SB,160,18,0,,VND
2026-07-05,Say_Global_Auto_Install_060726_All,SO,2310,101,2,,VND
2026-07-05,Say_Global_Auto_Install_060726_All,ZA,205,2,0,,VND
2026-07-05,Say_Global_Auto_Install_060726_All,SS,458,41,0,,VND
2026-07-05,Say_Global_Auto_Install_060726_All,LK,1533,76,1,1,VND
2026-07-05,Say_Global_Auto_Install_060726_All,SR,67,2,0,,VND
2026-07-05,Say_Global_Auto_Install_060726_All,SZ,33,6,0,,VND
2026-07-05,Say_Global_Auto_Install_060726_All,SY,1268,122,3,,VND
2026-07-05,Say_Global_Auto_Install_060726_All,TJ,167,18,0,,VND
2026-07-05,Say_Global_Auto_Install_060726_All,TZ,304,16,0,,VND
2026-07-05,Say_Global_Auto_Install_060726_All,TH,68,34,0,,VND
2026-07-05,Say_Global_Auto_Install_060726_All,TL,494,68,1,,VND
2026-07-05,Say_Global_Auto_Install_060726_All,TO,10,3,0,,VND
2026-07-05,Say_Global_Auto_Install_060726_All,TT,82,2,2,,VND
2026-07-05,Say_Global_Auto_Install_060726_All,TN,521,15,0,,VND
2026-07-05,Say_Global_Auto_Install_060726_All,TR,77,1,0,,VND
2026-07-05,Say_Global_Auto_Install_060726_All,TM,82,6,0,,VND
2026-07-05,Say_Global_Auto_Install_060726_All,UG,504,4,1,,VND
2026-07-05,Say_Global_Auto_Install_060726_All,AE,2,1,0,,VND
2026-07-05,Say_Global_Auto_Install_060726_All,UZ,116,17,0,,VND
2026-07-05,Say_Global_Auto_Install_060726_All,VE,933,58,4,,VND
2026-07-05,Say_Global_Auto_Install_060726_All,YE,486,69,1,,VND
2026-07-05,Say_Global_Auto_Install_060726_All,ZM,1147,48,0,,VND
2026-07-05,Say_Global_Auto_Install_060726_All,ZW,918,27,1,,VND
2026-07-06,Say_Global_Auto_Install_050726_All,AF,1229,185,3,1,VND
2026-07-06,Say_Global_Auto_Install_050726_All,DZ,4819,372,4,1,VND
2026-07-06,Say_Global_Auto_Install_050726_All,AO,144,18,0,,VND
2026-07-06,Say_Global_Auto_Install_050726_All,AZ,57,1,1,,VND
2026-07-06,Say_Global_Auto_Install_050726_All,BH,19,1,0,,VND
2026-07-06,Say_Global_Auto_Install_050726_All,BD,1906,124,3,,VND
2026-07-06,Say_Global_Auto_Install_050726_All,BJ,5,2,0,,VND
2026-07-06,Say_Global_Auto_Install_050726_All,BT,109,28,0,,VND
2026-07-06,Say_Global_Auto_Install_050726_All,BW,29,6,0,,VND
2026-07-06,Say_Global_Auto_Install_050726_All,BR,338,3,0,,VND
2026-07-06,Say_Global_Auto_Install_050726_All,BF,40,6,0,,VND
2026-07-06,Say_Global_Auto_Install_050726_All,BI,126,28,0,,VND
2026-07-06,Say_Global_Auto_Install_050726_All,KH,66,5,0,,VND
2026-07-06,Say_Global_Auto_Install_050726_All,CM,30,5,0,,VND
2026-07-06,Say_Global_Auto_Install_050726_All,TD,92,10,0,,VND
2026-07-06,Say_Global_Auto_Install_050726_All,CO,0,0,0,,VND
2026-07-06,Say_Global_Auto_Install_050726_All,KM,11,4,0,,VND
2026-07-06,Say_Global_Auto_Install_050726_All,CD,205,25,2,,VND
2026-07-06,Say_Global_Auto_Install_050726_All,DJ,6,2,0,,VND
2026-07-06,Say_Global_Auto_Install_050726_All,DO,13,1,0,,VND
2026-07-06,Say_Global_Auto_Install_050726_All,EC,52,1,0,,VND
2026-07-06,Say_Global_Auto_Install_050726_All,EG,1629,73,1,,VND
2026-07-06,Say_Global_Auto_Install_050726_All,SV,19,1,0,,VND
2026-07-06,Say_Global_Auto_Install_050726_All,GQ,7,2,0,,VND
2026-07-06,Say_Global_Auto_Install_050726_All,ER,3,2,0,,VND
2026-07-06,Say_Global_Auto_Install_050726_All,ET,1269,146,2,1,VND
2026-07-06,Say_Global_Auto_Install_050726_All,FM,1,1,0,,VND
2026-07-06,Say_Global_Auto_Install_050726_All,FJ,118,6,0,,VND
2026-07-06,Say_Global_Auto_Install_050726_All,GM,89,6,0,,VND
2026-07-06,Say_Global_Auto_Install_050726_All,GE,69,1,0,,VND
2026-07-06,Say_Global_Auto_Install_050726_All,GH,180,7,0,,VND
2026-07-06,Say_Global_Auto_Install_050726_All,GN,197,14,0,,VND
2026-07-06,Say_Global_Auto_Install_050726_All,GW,3,1,0,,VND
2026-07-06,Say_Global_Auto_Install_050726_All,GY,39,1,0,,VND
2026-07-06,Say_Global_Auto_Install_050726_All,HT,5,2,0,,VND
2026-07-06,Say_Global_Auto_Install_050726_All,IN,7223,760,12,7,VND
2026-07-06,Say_Global_Auto_Install_050726_All,ID,315,17,0,,VND
2026-07-06,Say_Global_Auto_Install_050726_All,IQ,560,39,3,,VND
2026-07-06,Say_Global_Auto_Install_050726_All,CI,110,8,0,,VND
2026-07-06,Say_Global_Auto_Install_050726_All,JO,564,8,0,,VND
2026-07-06,Say_Global_Auto_Install_050726_All,KE,291,26,0,,VND
2026-07-06,Say_Global_Auto_Install_050726_All,KI,2,2,0,,VND
2026-07-06,Say_Global_Auto_Install_050726_All,KG,10,2,0,,VND
2026-07-06,Say_Global_Auto_Install_050726_All,LA,248,8,0,,VND
2026-07-06,Say_Global_Auto_Install_050726_All,LB,39,1,0,,VND
2026-07-06,Say_Global_Auto_Install_050726_All,LS,118,5,0,,VND
2026-07-06,Say_Global_Auto_Install_050726_All,LR,168,23,0,,VND
2026-07-06,Say_Global_Auto_Install_050726_All,LY,1004,75,1,,VND
2026-07-06,Say_Global_Auto_Install_050726_All,MG,474,65,0,,VND
2026-07-06,Say_Global_Auto_Install_050726_All,MW,498,52,2,,VND
2026-07-06,Say_Global_Auto_Install_050726_All,MV,172,2,0,,VND
2026-07-06,Say_Global_Auto_Install_050726_All,ML,5,2,0,,VND
2026-07-06,Say_Global_Auto_Install_050726_All,MH,58,3,0,,VND
2026-07-06,Say_Global_Auto_Install_050726_All,MR,21,6,0,,VND
2026-07-06,Say_Global_Auto_Install_050726_All,MN,56,1,0,,VND
2026-07-06,Say_Global_Auto_Install_050726_All,MA,539,41,0,,VND
2026-07-06,Say_Global_Auto_Install_050726_All,MZ,466,20,1,,VND
2026-07-06,Say_Global_Auto_Install_050726_All,MM,121,14,0,,VND
2026-07-06,Say_Global_Auto_Install_050726_All,NA,6,2,0,,VND
2026-07-06,Say_Global_Auto_Install_050726_All,NR,1,1,0,,VND
2026-07-06,Say_Global_Auto_Install_050726_All,NP,983,78,1,1,VND
2026-07-06,Say_Global_Auto_Install_050726_All,NE,73,5,0,,VND
2026-07-06,Say_Global_Auto_Install_050726_All,NG,593,32,0,,VND
2026-07-06,Say_Global_Auto_Install_050726_All,PK,3666,327,2,2,VND
2026-07-06,Say_Global_Auto_Install_050726_All,PS,241,6,0,,VND
2026-07-06,Say_Global_Auto_Install_050726_All,PG,116,23,0,,VND
2026-07-06,Say_Global_Auto_Install_050726_All,PH,4974,34,3,1,VND
2026-07-06,Say_Global_Auto_Install_050726_All,QA,1,1,0,,VND
2026-07-06,Say_Global_Auto_Install_050726_All,CG,19,2,1,,VND
2026-07-06,Say_Global_Auto_Install_050726_All,RW,162,16,0,,VND
2026-07-06,Say_Global_Auto_Install_050726_All,ST,1,1,0,,VND
2026-07-06,Say_Global_Auto_Install_050726_All,SA,254,1,0,,VND
2026-07-06,Say_Global_Auto_Install_050726_All,SN,62,3,0,,VND
2026-07-06,Say_Global_Auto_Install_050726_All,SC,0,1,0,,VND
2026-07-06,Say_Global_Auto_Install_050726_All,SL,181,15,0,,VND
2026-07-06,Say_Global_Auto_Install_050726_All,SB,24,8,0,,VND
2026-07-06,Say_Global_Auto_Install_050726_All,SO,1119,119,3,1,VND
2026-07-06,Say_Global_Auto_Install_050726_All,ZA,32,2,0,,VND
2026-07-06,Say_Global_Auto_Install_050726_All,SS,854,52,1,,VND
2026-07-06,Say_Global_Auto_Install_050726_All,LK,962,38,1,1,VND
2026-07-06,Say_Global_Auto_Install_050726_All,SR,21,1,0,,VND
2026-07-06,Say_Global_Auto_Install_050726_All,SY,778,152,3,,VND
2026-07-06,Say_Global_Auto_Install_050726_All,TJ,23,4,0,,VND
2026-07-06,Say_Global_Auto_Install_050726_All,TZ,220,15,0,1,VND
2026-07-06,Say_Global_Auto_Install_050726_All,TH,116,3,0,,VND
2026-07-06,Say_Global_Auto_Install_050726_All,TL,194,36,0,,VND
2026-07-06,Say_Global_Auto_Install_050726_All,TG,4,1,0,,VND
2026-07-06,Say_Global_Auto_Install_050726_All,TO,58,3,0,,VND
2026-07-06,Say_Global_Auto_Install_050726_All,TN,652,35,0,,VND
2026-07-06,Say_Global_Auto_Install_050726_All,TR,306,2,0,,VND
2026-07-06,Say_Global_Auto_Install_050726_All,TM,15,3,0,,VND
2026-07-06,Say_Global_Auto_Install_050726_All,UG,115,6,0,,VND
2026-07-06,Say_Global_Auto_Install_050726_All,UZ,242,14,1,,VND
2026-07-06,Say_Global_Auto_Install_050726_All,VU,22,2,0,,VND
2026-07-06,Say_Global_Auto_Install_050726_All,VE,116,8,0,,VND
2026-07-06,Say_Global_Auto_Install_050726_All,VN,105,7,0,,VND
2026-07-06,Say_Global_Auto_Install_050726_All,YE,548,68,1,,VND
2026-07-06,Say_Global_Auto_Install_050726_All,ZM,280,24,0,,VND
2026-07-06,Say_Global_Auto_Install_050726_All,ZW,621,20,2,1,VND
2026-07-06,Say_Global_Auto_Install_060726_All,AF,3018,432,7,1,VND
2026-07-06,Say_Global_Auto_Install_060726_All,DZ,7891,721,9,5,VND
2026-07-06,Say_Global_Auto_Install_060726_All,AO,366,30,1,1,VND
2026-07-06,Say_Global_Auto_Install_060726_All,AM,33,2,0,,VND
2026-07-06,Say_Global_Auto_Install_060726_All,AU,2,1,0,,VND
2026-07-06,Say_Global_Auto_Install_060726_All,AZ,53,1,0,,VND
2026-07-06,Say_Global_Auto_Install_060726_All,BH,0,1,0,,VND
2026-07-06,Say_Global_Auto_Install_060726_All,BD,6381,463,7,4,VND
2026-07-06,Say_Global_Auto_Install_060726_All,BJ,58,8,0,,VND
2026-07-06,Say_Global_Auto_Install_060726_All,BT,179,35,0,,VND
2026-07-06,Say_Global_Auto_Install_060726_All,BW,72,13,0,,VND
2026-07-06,Say_Global_Auto_Install_060726_All,BR,446,4,0,,VND
2026-07-06,Say_Global_Auto_Install_060726_All,BF,79,5,0,,VND
2026-07-06,Say_Global_Auto_Install_060726_All,BI,142,38,0,,VND
2026-07-06,Say_Global_Auto_Install_060726_All,KH,453,13,0,,VND
2026-07-06,Say_Global_Auto_Install_060726_All,CM,521,21,1,,VND
2026-07-06,Say_Global_Auto_Install_060726_All,CV,1,1,0,,VND
2026-07-06,Say_Global_Auto_Install_060726_All,TD,146,14,1,,VND
2026-07-06,Say_Global_Auto_Install_060726_All,CN,2,1,0,,VND
2026-07-06,Say_Global_Auto_Install_060726_All,CO,23,1,0,,VND
2026-07-06,Say_Global_Auto_Install_060726_All,KM,2,2,0,,VND
2026-07-06,Say_Global_Auto_Install_060726_All,CD,651,41,0,,VND
2026-07-06,Say_Global_Auto_Install_060726_All,DJ,6,2,0,,VND
2026-07-06,Say_Global_Auto_Install_060726_All,DO,107,2,0,,VND
2026-07-06,Say_Global_Auto_Install_060726_All,EG,3859,99,3,2,VND
2026-07-06,Say_Global_Auto_Install_060726_All,SV,27,3,0,,VND
2026-07-06,Say_Global_Auto_Install_060726_All,GQ,27,3,0,,VND
2026-07-06,Say_Global_Auto_Install_060726_All,ER,14,5,0,,VND
2026-07-06,Say_Global_Auto_Install_060726_All,ET,6040,399,5,1,VND
2026-07-06,Say_Global_Auto_Install_060726_All,FM,19,2,0,,VND
2026-07-06,Say_Global_Auto_Install_060726_All,FJ,229,12,1,2,VND
2026-07-06,Say_Global_Auto_Install_060726_All,GM,767,8,1,,VND
2026-07-06,Say_Global_Auto_Install_060726_All,GE,4,1,0,,VND
2026-07-06,Say_Global_Auto_Install_060726_All,GH,125,13,0,,VND
2026-07-06,Say_Global_Auto_Install_060726_All,GN,408,15,1,,VND
2026-07-06,Say_Global_Auto_Install_060726_All,GW,499,3,1,,VND
2026-07-06,Say_Global_Auto_Install_060726_All,GY,7,1,0,,VND
2026-07-06,Say_Global_Auto_Install_060726_All,HT,39,7,0,,VND
2026-07-06,Say_Global_Auto_Install_060726_All,IN,14439,1360,16,15,VND
2026-07-06,Say_Global_Auto_Install_060726_All,ID,2186,47,0,,VND
2026-07-06,Say_Global_Auto_Install_060726_All,IQ,1975,82,2,2,VND
2026-07-06,Say_Global_Auto_Install_060726_All,CI,288,9,1,,VND
2026-07-06,Say_Global_Auto_Install_060726_All,JO,322,8,2,2,VND
2026-07-06,Say_Global_Auto_Install_060726_All,KE,1264,61,1,,VND
2026-07-06,Say_Global_Auto_Install_060726_All,KI,43,5,0,,VND
2026-07-06,Say_Global_Auto_Install_060726_All,KW,26,1,0,,VND
2026-07-06,Say_Global_Auto_Install_060726_All,LA,188,8,0,,VND
2026-07-06,Say_Global_Auto_Install_060726_All,LB,75,4,0,,VND
2026-07-06,Say_Global_Auto_Install_060726_All,LS,261,9,0,,VND
2026-07-06,Say_Global_Auto_Install_060726_All,LR,455,47,1,1,VND
2026-07-06,Say_Global_Auto_Install_060726_All,LY,1719,120,0,,VND
2026-07-06,Say_Global_Auto_Install_060726_All,MG,1580,147,4,,VND
2026-07-06,Say_Global_Auto_Install_060726_All,MW,974,147,1,1,VND
2026-07-06,Say_Global_Auto_Install_060726_All,MY,104,4,1,,VND
2026-07-06,Say_Global_Auto_Install_060726_All,MV,19,1,0,,VND
2026-07-06,Say_Global_Auto_Install_060726_All,ML,23,12,0,,VND
2026-07-06,Say_Global_Auto_Install_060726_All,MR,18,3,0,,VND
2026-07-06,Say_Global_Auto_Install_060726_All,MU,160,3,0,,VND
2026-07-06,Say_Global_Auto_Install_060726_All,MN,27,2,0,,VND
2026-07-06,Say_Global_Auto_Install_060726_All,MA,878,64,1,,VND
2026-07-06,Say_Global_Auto_Install_060726_All,MZ,366,35,1,,VND
2026-07-06,Say_Global_Auto_Install_060726_All,MM,586,39,1,,VND
2026-07-06,Say_Global_Auto_Install_060726_All,NA,40,5,0,,VND
2026-07-06,Say_Global_Auto_Install_060726_All,NR,1,1,0,,VND
2026-07-06,Say_Global_Auto_Install_060726_All,NP,1584,256,3,,VND
2026-07-06,Say_Global_Auto_Install_060726_All,NI,18,1,0,,VND
2026-07-06,Say_Global_Auto_Install_060726_All,NE,28,7,0,,VND
2026-07-06,Say_Global_Auto_Install_060726_All,NG,1293,85,0,1,VND
2026-07-06,Say_Global_Auto_Install_060726_All,OM,14,2,0,,VND
2026-07-06,Say_Global_Auto_Install_060726_All,PK,12269,1015,22,11,VND
2026-07-06,Say_Global_Auto_Install_060726_All,PW,8,1,0,,VND
2026-07-06,Say_Global_Auto_Install_060726_All,PS,114,6,0,,VND
2026-07-06,Say_Global_Auto_Install_060726_All,PG,311,40,0,,VND
2026-07-06,Say_Global_Auto_Install_060726_All,PH,1364,37,2,2,VND
2026-07-06,Say_Global_Auto_Install_060726_All,QA,30,1,0,,VND
2026-07-06,Say_Global_Auto_Install_060726_All,CG,63,4,0,1,VND
2026-07-06,Say_Global_Auto_Install_060726_All,RW,340,22,1,1,VND
2026-07-06,Say_Global_Auto_Install_060726_All,ST,7,2,0,,VND
2026-07-06,Say_Global_Auto_Install_060726_All,SA,198,3,0,,VND
2026-07-06,Say_Global_Auto_Install_060726_All,SN,72,9,0,,VND
2026-07-06,Say_Global_Auto_Install_060726_All,SC,11,1,0,,VND
2026-07-06,Say_Global_Auto_Install_060726_All,SL,522,59,0,,VND
2026-07-06,Say_Global_Auto_Install_060726_All,SB,193,12,0,,VND
2026-07-06,Say_Global_Auto_Install_060726_All,SO,2191,166,0,,VND
2026-07-06,Say_Global_Auto_Install_060726_All,ZA,436,4,0,,VND
2026-07-06,Say_Global_Auto_Install_060726_All,SS,879,77,3,1,VND
2026-07-06,Say_Global_Auto_Install_060726_All,LK,705,47,1,,VND
2026-07-06,Say_Global_Auto_Install_060726_All,SZ,43,4,0,,VND
2026-07-06,Say_Global_Auto_Install_060726_All,SY,1841,264,4,1,VND
2026-07-06,Say_Global_Auto_Install_060726_All,TJ,120,10,1,1,VND
2026-07-06,Say_Global_Auto_Install_060726_All,TZ,706,28,0,,VND
2026-07-06,Say_Global_Auto_Install_060726_All,TH,20,18,0,,VND
2026-07-06,Say_Global_Auto_Install_060726_All,TL,612,77,1,,VND
2026-07-06,Say_Global_Auto_Install_060726_All,TG,29,3,0,,VND
2026-07-06,Say_Global_Auto_Install_060726_All,TO,26,1,0,,VND
2026-07-06,Say_Global_Auto_Install_060726_All,TT,29,1,0,,VND
2026-07-06,Say_Global_Auto_Install_060726_All,TN,756,53,0,,VND
2026-07-06,Say_Global_Auto_Install_060726_All,TR,279,4,0,,VND
2026-07-06,Say_Global_Auto_Install_060726_All,TM,347,22,1,,VND
2026-07-06,Say_Global_Auto_Install_060726_All,UG,95,9,0,,VND
2026-07-06,Say_Global_Auto_Install_060726_All,UZ,532,25,0,,VND
2026-07-06,Say_Global_Auto_Install_060726_All,VU,16,1,0,,VND
2026-07-06,Say_Global_Auto_Install_060726_All,VE,296,16,1,,VND
2026-07-06,Say_Global_Auto_Install_060726_All,VN,149,5,0,,VND
2026-07-06,Say_Global_Auto_Install_060726_All,YE,1077,165,2,,VND
2026-07-06,Say_Global_Auto_Install_060726_All,ZM,459,41,2,,VND
2026-07-06,Say_Global_Auto_Install_060726_All,ZW,646,35,0,,VND
2026-07-06,Say_Global_Auto_Install_060726_All_Ads2_3Adcreative,AF,3272,571,2,1,VND
2026-07-06,Say_Global_Auto_Install_060726_All_Ads2_3Adcreative,DZ,10397,1055,7,2,VND
2026-07-06,Say_Global_Auto_Install_060726_All_Ads2_3Adcreative,AO,577,40,0,1,VND
2026-07-06,Say_Global_Auto_Install_060726_All_Ads2_3Adcreative,AG,2,1,0,,VND
2026-07-06,Say_Global_Auto_Install_060726_All_Ads2_3Adcreative,AR,160,2,0,,VND
2026-07-06,Say_Global_Auto_Install_060726_All_Ads2_3Adcreative,AU,1,1,0,,VND
2026-07-06,Say_Global_Auto_Install_060726_All_Ads2_3Adcreative,AZ,30,2,0,,VND
2026-07-06,Say_Global_Auto_Install_060726_All_Ads2_3Adcreative,BD,4693,476,4,1,VND
2026-07-06,Say_Global_Auto_Install_060726_All_Ads2_3Adcreative,BJ,157,24,1,,VND
2026-07-06,Say_Global_Auto_Install_060726_All_Ads2_3Adcreative,BT,427,62,1,1,VND
2026-07-06,Say_Global_Auto_Install_060726_All_Ads2_3Adcreative,BO,15,2,0,,VND
2026-07-06,Say_Global_Auto_Install_060726_All_Ads2_3Adcreative,BQ,12,1,0,,VND
2026-07-06,Say_Global_Auto_Install_060726_All_Ads2_3Adcreative,BW,228,26,0,,VND
2026-07-06,Say_Global_Auto_Install_060726_All_Ads2_3Adcreative,BR,309,8,0,,VND
2026-07-06,Say_Global_Auto_Install_060726_All_Ads2_3Adcreative,BN,10,1,0,,VND
2026-07-06,Say_Global_Auto_Install_060726_All_Ads2_3Adcreative,BF,92,12,0,,VND
2026-07-06,Say_Global_Auto_Install_060726_All_Ads2_3Adcreative,BI,176,67,0,,VND
2026-07-06,Say_Global_Auto_Install_060726_All_Ads2_3Adcreative,KH,244,10,0,,VND
2026-07-06,Say_Global_Auto_Install_060726_All_Ads2_3Adcreative,CM,637,40,1,,VND
2026-07-06,Say_Global_Auto_Install_060726_All_Ads2_3Adcreative,CV,8,1,0,,VND
2026-07-06,Say_Global_Auto_Install_060726_All_Ads2_3Adcreative,CF,3,1,0,,VND
2026-07-06,Say_Global_Auto_Install_060726_All_Ads2_3Adcreative,TD,303,44,0,,VND
2026-07-06,Say_Global_Auto_Install_060726_All_Ads2_3Adcreative,CN,38,2,0,,VND
2026-07-06,Say_Global_Auto_Install_060726_All_Ads2_3Adcreative,CO,87,3,0,,VND
2026-07-06,Say_Global_Auto_Install_060726_All_Ads2_3Adcreative,KM,41,10,0,,VND
2026-07-06,Say_Global_Auto_Install_060726_All_Ads2_3Adcreative,CD,809,70,0,,VND
2026-07-06,Say_Global_Auto_Install_060726_All_Ads2_3Adcreative,DO,53,2,0,,VND
2026-07-06,Say_Global_Auto_Install_060726_All_Ads2_3Adcreative,EC,0,1,0,,VND
2026-07-06,Say_Global_Auto_Install_060726_All_Ads2_3Adcreative,EG,1312,74,2,,VND
2026-07-06,Say_Global_Auto_Install_060726_All_Ads2_3Adcreative,SV,334,3,1,,VND
2026-07-06,Say_Global_Auto_Install_060726_All_Ads2_3Adcreative,GQ,24,4,0,,VND
2026-07-06,Say_Global_Auto_Install_060726_All_Ads2_3Adcreative,ER,75,9,1,,VND
2026-07-06,Say_Global_Auto_Install_060726_All_Ads2_3Adcreative,ET,4784,570,2,,VND
2026-07-06,Say_Global_Auto_Install_060726_All_Ads2_3Adcreative,FJ,56,4,0,,VND
2026-07-06,Say_Global_Auto_Install_060726_All_Ads2_3Adcreative,GM,133,13,1,1,VND
2026-07-06,Say_Global_Auto_Install_060726_All_Ads2_3Adcreative,GE,14,1,0,,VND
2026-07-06,Say_Global_Auto_Install_060726_All_Ads2_3Adcreative,GH,517,21,0,,VND
2026-07-06,Say_Global_Auto_Install_060726_All_Ads2_3Adcreative,GD,18,1,0,,VND
2026-07-06,Say_Global_Auto_Install_060726_All_Ads2_3Adcreative,GT,25,1,0,,VND
2026-07-06,Say_Global_Auto_Install_060726_All_Ads2_3Adcreative,GN,188,32,0,,VND
2026-07-06,Say_Global_Auto_Install_060726_All_Ads2_3Adcreative,GW,44,9,0,,VND
2026-07-06,Say_Global_Auto_Install_060726_All_Ads2_3Adcreative,GY,145,11,0,,VND
2026-07-06,Say_Global_Auto_Install_060726_All_Ads2_3Adcreative,HT,160,22,0,,VND
2026-07-06,Say_Global_Auto_Install_060726_All_Ads2_3Adcreative,IN,20179,2609,27,14,VND
2026-07-06,Say_Global_Auto_Install_060726_All_Ads2_3Adcreative,ID,713,38,2,,VND
2026-07-06,Say_Global_Auto_Install_060726_All_Ads2_3Adcreative,IQ,1649,122,2,1,VND
2026-07-06,Say_Global_Auto_Install_060726_All_Ads2_3Adcreative,CI,164,13,1,,VND
2026-07-06,Say_Global_Auto_Install_060726_All_Ads2_3Adcreative,JM,6,1,0,,VND
2026-07-06,Say_Global_Auto_Install_060726_All_Ads2_3Adcreative,JO,466,14,0,,VND
2026-07-06,Say_Global_Auto_Install_060726_All_Ads2_3Adcreative,KE,1933,124,0,,VND
2026-07-06,Say_Global_Auto_Install_060726_All_Ads2_3Adcreative,KI,26,3,0,,VND
2026-07-06,Say_Global_Auto_Install_060726_All_Ads2_3Adcreative,KW,137,2,0,,VND
2026-07-06,Say_Global_Auto_Install_060726_All_Ads2_3Adcreative,KG,46,3,0,,VND
2026-07-06,Say_Global_Auto_Install_060726_All_Ads2_3Adcreative,LA,94,5,0,,VND
2026-07-06,Say_Global_Auto_Install_060726_All_Ads2_3Adcreative,LB,116,7,0,,VND
2026-07-06,Say_Global_Auto_Install_060726_All_Ads2_3Adcreative,LS,176,19,0,,VND
2026-07-06,Say_Global_Auto_Install_060726_All_Ads2_3Adcreative,LR,567,66,1,,VND
2026-07-06,Say_Global_Auto_Install_060726_All_Ads2_3Adcreative,LY,2042,178,3,1,VND
2026-07-06,Say_Global_Auto_Install_060726_All_Ads2_3Adcreative,MG,1089,170,0,,VND
2026-07-06,Say_Global_Auto_Install_060726_All_Ads2_3Adcreative,MW,1927,236,5,,VND
2026-07-06,Say_Global_Auto_Install_060726_All_Ads2_3Adcreative,MY,30,2,0,,VND
2026-07-06,Say_Global_Auto_Install_060726_All_Ads2_3Adcreative,MV,83,5,0,,VND
2026-07-06,Say_Global_Auto_Install_060726_All_Ads2_3Adcreative,ML,116,16,0,,VND
2026-07-06,Say_Global_Auto_Install_060726_All_Ads2_3Adcreative,MR,41,8,0,,VND
2026-07-06,Say_Global_Auto_Install_060726_All_Ads2_3Adcreative,MU,4,1,0,,VND
2026-07-06,Say_Global_Auto_Install_060726_All_Ads2_3Adcreative,MX,94,1,0,,VND
2026-07-06,Say_Global_Auto_Install_060726_All_Ads2_3Adcreative,MN,66,3,1,,VND
2026-07-06,Say_Global_Auto_Install_060726_All_Ads2_3Adcreative,MA,823,83,1,,VND
2026-07-06,Say_Global_Auto_Install_060726_All_Ads2_3Adcreative,MZ,315,53,0,,VND
2026-07-06,Say_Global_Auto_Install_060726_All_Ads2_3Adcreative,MM,1556,110,0,,VND
2026-07-06,Say_Global_Auto_Install_060726_All_Ads2_3Adcreative,NA,129,10,0,,VND
2026-07-06,Say_Global_Auto_Install_060726_All_Ads2_3Adcreative,NP,2397,347,8,2,VND
2026-07-06,Say_Global_Auto_Install_060726_All_Ads2_3Adcreative,NI,86,3,0,,VND
2026-07-06,Say_Global_Auto_Install_060726_All_Ads2_3Adcreative,NE,94,10,0,,VND
2026-07-06,Say_Global_Auto_Install_060726_All_Ads2_3Adcreative,NG,2000,120,1,,VND
2026-07-06,Say_Global_Auto_Install_060726_All_Ads2_3Adcreative,OM,43,1,0,,VND
2026-07-06,Say_Global_Auto_Install_060726_All_Ads2_3Adcreative,PK,12052,1166,20,8,VND
2026-07-06,Say_Global_Auto_Install_060726_All_Ads2_3Adcreative,PS,254,13,0,,VND
2026-07-06,Say_Global_Auto_Install_060726_All_Ads2_3Adcreative,PA,157,1,0,,VND
2026-07-06,Say_Global_Auto_Install_060726_All_Ads2_3Adcreative,PG,400,34,1,1,VND
2026-07-06,Say_Global_Auto_Install_060726_All_Ads2_3Adcreative,PH,1408,34,0,,VND
2026-07-06,Say_Global_Auto_Install_060726_All_Ads2_3Adcreative,QA,162,2,0,,VND
2026-07-06,Say_Global_Auto_Install_060726_All_Ads2_3Adcreative,CG,144,19,0,,VND
2026-07-06,Say_Global_Auto_Install_060726_All_Ads2_3Adcreative,RW,248,48,0,,VND
2026-07-06,Say_Global_Auto_Install_060726_All_Ads2_3Adcreative,LC,1,1,0,,VND
2026-07-06,Say_Global_Auto_Install_060726_All_Ads2_3Adcreative,VC,1,1,0,,VND
2026-07-06,Say_Global_Auto_Install_060726_All_Ads2_3Adcreative,ST,17,6,0,,VND
2026-07-06,Say_Global_Auto_Install_060726_All_Ads2_3Adcreative,SA,146,4,0,,VND
2026-07-06,Say_Global_Auto_Install_060726_All_Ads2_3Adcreative,SN,67,13,0,,VND
2026-07-06,Say_Global_Auto_Install_060726_All_Ads2_3Adcreative,SL,666,66,2,1,VND
2026-07-06,Say_Global_Auto_Install_060726_All_Ads2_3Adcreative,SB,82,8,0,,VND
2026-07-06,Say_Global_Auto_Install_060726_All_Ads2_3Adcreative,SO,5013,307,5,2,VND
2026-07-06,Say_Global_Auto_Install_060726_All_Ads2_3Adcreative,ZA,870,7,0,,VND
2026-07-06,Say_Global_Auto_Install_060726_All_Ads2_3Adcreative,SS,2248,163,5,,VND
2026-07-06,Say_Global_Auto_Install_060726_All_Ads2_3Adcreative,LK,603,62,0,,VND
2026-07-06,Say_Global_Auto_Install_060726_All_Ads2_3Adcreative,SR,93,4,0,,VND
2026-07-06,Say_Global_Auto_Install_060726_All_Ads2_3Adcreative,SZ,80,18,0,,VND
2026-07-06,Say_Global_Auto_Install_060726_All_Ads2_3Adcreative,SY,2281,501,5,2,VND
2026-07-06,Say_Global_Auto_Install_060726_All_Ads2_3Adcreative,TJ,81,17,0,,VND
2026-07-06,Say_Global_Auto_Install_060726_All_Ads2_3Adcreative,TZ,1011,57,1,1,VND
2026-07-06,Say_Global_Auto_Install_060726_All_Ads2_3Adcreative,TH,23,2,0,,VND
2026-07-06,Say_Global_Auto_Install_060726_All_Ads2_3Adcreative,TL,1007,63,2,1,VND
2026-07-06,Say_Global_Auto_Install_060726_All_Ads2_3Adcreative,TG,106,12,0,,VND
2026-07-06,Say_Global_Auto_Install_060726_All_Ads2_3Adcreative,TT,21,2,0,,VND
2026-07-06,Say_Global_Auto_Install_060726_All_Ads2_3Adcreative,TN,1439,73,5,,VND
2026-07-06,Say_Global_Auto_Install_060726_All_Ads2_3Adcreative,TR,425,12,0,,VND
2026-07-06,Say_Global_Auto_Install_060726_All_Ads2_3Adcreative,TM,192,28,1,,VND
2026-07-06,Say_Global_Auto_Install_060726_All_Ads2_3Adcreative,UG,116,19,0,,VND
2026-07-06,Say_Global_Auto_Install_060726_All_Ads2_3Adcreative,AE,113,3,0,,VND
2026-07-06,Say_Global_Auto_Install_060726_All_Ads2_3Adcreative,UZ,853,71,1,,VND
2026-07-06,Say_Global_Auto_Install_060726_All_Ads2_3Adcreative,VU,23,3,0,,VND
2026-07-06,Say_Global_Auto_Install_060726_All_Ads2_3Adcreative,VE,439,33,0,,VND
2026-07-06,Say_Global_Auto_Install_060726_All_Ads2_3Adcreative,VN,112,5,0,,VND
2026-07-06,Say_Global_Auto_Install_060726_All_Ads2_3Adcreative,YE,1678,217,1,,VND
2026-07-06,Say_Global_Auto_Install_060726_All_Ads2_3Adcreative,ZM,904,77,1,,VND
2026-07-06,Say_Global_Auto_Install_060726_All_Ads2_3Adcreative,ZW,2032,51,2,,VND
2026-07-06,Say_Global_Bidding_Install_060726_All_Ads3,AF,7,4,0,,VND
2026-07-06,Say_Global_Bidding_Install_060726_All_Ads3,DZ,38,7,0,,VND
2026-07-06,Say_Global_Bidding_Install_060726_All_Ads3,BD,17,6,0,,VND
2026-07-06,Say_Global_Bidding_Install_060726_All_Ads3,CM,3,1,0,,VND
2026-07-06,Say_Global_Bidding_Install_060726_All_Ads3,EG,44,1,0,,VND
2026-07-06,Say_Global_Bidding_Install_060726_All_Ads3,ET,6,2,0,,VND
2026-07-06,Say_Global_Bidding_Install_060726_All_Ads3,IN,20,7,0,,VND
2026-07-06,Say_Global_Bidding_Install_060726_All_Ads3,ID,126,1,0,,VND
2026-07-06,Say_Global_Bidding_Install_060726_All_Ads3,IQ,9,1,0,,VND
2026-07-06,Say_Global_Bidding_Install_060726_All_Ads3,LY,9,1,0,,VND
2026-07-06,Say_Global_Bidding_Install_060726_All_Ads3,MG,13,4,0,,VND
2026-07-06,Say_Global_Bidding_Install_060726_All_Ads3,MW,4,1,0,,VND
2026-07-06,Say_Global_Bidding_Install_060726_All_Ads3,MH,0,1,0,,VND
2026-07-06,Say_Global_Bidding_Install_060726_All_Ads3,NP,2,1,0,,VND
2026-07-06,Say_Global_Bidding_Install_060726_All_Ads3,NG,5,1,0,,VND
2026-07-06,Say_Global_Bidding_Install_060726_All_Ads3,PK,68,10,0,,VND
2026-07-06,Say_Global_Bidding_Install_060726_All_Ads3,PH,27,1,0,,VND
2026-07-06,Say_Global_Bidding_Install_060726_All_Ads3,SB,0,2,0,,VND
2026-07-06,Say_Global_Bidding_Install_060726_All_Ads3,SO,59,1,0,,VND
2026-07-06,Say_Global_Bidding_Install_060726_All_Ads3,SY,0,2,0,,VND
2026-07-06,Say_Global_Bidding_Install_060726_All_Ads3,TL,0,1,0,,VND
2026-07-06,Say_Global_Bidding_Install_060726_All_Ads3,AE,28,1,0,,VND
2026-07-06,Say_Global_Bidding_Install_060726_All_Ads2_3Adcreative,DZ,3,1,0,,VND
2026-07-06,Say_Global_Bidding_Install_060726_All_Ads2_3Adcreative,ET,0,1,0,,VND
2026-07-06,Say_Global_Bidding_Install_060726_All_Ads2_3Adcreative,IN,6,1,0,,VND
2026-07-06,Say_Global_Bidding_Install_060726_All_Ads2_3Adcreative,LY,13,1,0,,VND
2026-07-06,Say_Global_Bidding_Install_060726_All_Ads2_3Adcreative,MG,20,1,0,,VND
2026-07-06,Say_Global_Bidding_Install_060726_All_Ads2_3Adcreative,PK,13,1,0,,VND
2026-07-06,Say_Global_Bidding_Install_060726_All_Ads2_3Adcreative,SY,5,1,0,,VND
2026-07-06,Say_Global_Auto_Install_060726_All_Ads4,AF,2884,478,3,1,VND
2026-07-06,Say_Global_Auto_Install_060726_All_Ads4,DZ,8188,824,11,4,VND
2026-07-06,Say_Global_Auto_Install_060726_All_Ads4,AO,217,29,0,,VND
2026-07-06,Say_Global_Auto_Install_060726_All_Ads4,AM,2,2,0,,VND
2026-07-06,Say_Global_Auto_Install_060726_All_Ads4,AU,2,1,0,,VND
2026-07-06,Say_Global_Auto_Install_060726_All_Ads4,AZ,84,2,0,,VND
2026-07-06,Say_Global_Auto_Install_060726_All_Ads4,BH,1,1,0,,VND
2026-07-06,Say_Global_Auto_Install_060726_All_Ads4,BD,5696,495,2,,VND
2026-07-06,Say_Global_Auto_Install_060726_All_Ads4,BJ,194,11,0,,VND
2026-07-06,Say_Global_Auto_Install_060726_All_Ads4,BT,258,35,1,,VND
2026-07-06,Say_Global_Auto_Install_060726_All_Ads4,BO,66,4,0,,VND
2026-07-06,Say_Global_Auto_Install_060726_All_Ads4,BQ,15,1,0,,VND
2026-07-06,Say_Global_Auto_Install_060726_All_Ads4,BW,171,16,0,,VND
2026-07-06,Say_Global_Auto_Install_060726_All_Ads4,BR,341,4,0,,VND
2026-07-06,Say_Global_Auto_Install_060726_All_Ads4,BF,71,13,0,,VND
2026-07-06,Say_Global_Auto_Install_060726_All_Ads4,BI,96,37,0,,VND
2026-07-06,Say_Global_Auto_Install_060726_All_Ads4,KH,72,6,0,,VND
2026-07-06,Say_Global_Auto_Install_060726_All_Ads4,CM,931,18,1,,VND
2026-07-06,Say_Global_Auto_Install_060726_All_Ads4,CV,4,1,0,,VND
2026-07-06,Say_Global_Auto_Install_060726_All_Ads4,CF,11,3,0,,VND
2026-07-06,Say_Global_Auto_Install_060726_All_Ads4,TD,100,17,0,,VND
2026-07-06,Say_Global_Auto_Install_060726_All_Ads4,CO,44,1,0,,VND
2026-07-06,Say_Global_Auto_Install_060726_All_Ads4,KM,48,9,1,,VND
2026-07-06,Say_Global_Auto_Install_060726_All_Ads4,CD,394,30,0,,VND
2026-07-06,Say_Global_Auto_Install_060726_All_Ads4,DJ,4,1,0,,VND
2026-07-06,Say_Global_Auto_Install_060726_All_Ads4,DO,16,1,0,,VND
2026-07-06,Say_Global_Auto_Install_060726_All_Ads4,EG,2342,82,1,1,VND
2026-07-06,Say_Global_Auto_Install_060726_All_Ads4,SV,10,1,0,,VND
2026-07-06,Say_Global_Auto_Install_060726_All_Ads4,ET,3919,407,2,1,VND
2026-07-06,Say_Global_Auto_Install_060726_All_Ads4,FJ,56,1,0,,VND
2026-07-06,Say_Global_Auto_Install_060726_All_Ads4,GA,217,2,0,,VND
2026-07-06,Say_Global_Auto_Install_060726_All_Ads4,GM,130,7,0,,VND
2026-07-06,Say_Global_Auto_Install_060726_All_Ads4,GH,168,7,0,,VND
2026-07-06,Say_Global_Auto_Install_060726_All_Ads4,GN,114,15,0,,VND
2026-07-06,Say_Global_Auto_Install_060726_All_Ads4,GW,20,4,0,,VND
2026-07-06,Say_Global_Auto_Install_060726_All_Ads4,GY,109,3,0,,VND
2026-07-06,Say_Global_Auto_Install_060726_All_Ads4,HT,282,29,0,,VND
2026-07-06,Say_Global_Auto_Install_060726_All_Ads4,IN,17724,2482,22,6,VND
2026-07-06,Say_Global_Auto_Install_060726_All_Ads4,ID,958,27,1,,VND
2026-07-06,Say_Global_Auto_Install_060726_All_Ads4,IQ,1419,84,5,1,VND
2026-07-06,Say_Global_Auto_Install_060726_All_Ads4,CI,275,12,0,,VND
2026-07-06,Say_Global_Auto_Install_060726_All_Ads4,JM,19,1,0,,VND
2026-07-06,Say_Global_Auto_Install_060726_All_Ads4,JO,316,8,0,,VND
2026-07-06,Say_Global_Auto_Install_060726_All_Ads4,KE,889,65,1,,VND
2026-07-06,Say_Global_Auto_Install_060726_All_Ads4,KG,96,3,0,,VND
2026-07-06,Say_Global_Auto_Install_060726_All_Ads4,LA,19,2,0,,VND
2026-07-06,Say_Global_Auto_Install_060726_All_Ads4,LB,131,7,0,,VND
2026-07-06,Say_Global_Auto_Install_060726_All_Ads4,LS,95,8,0,,VND
2026-07-06,Say_Global_Auto_Install_060726_All_Ads4,LR,344,36,0,,VND
2026-07-06,Say_Global_Auto_Install_060726_All_Ads4,LY,1515,109,3,1,VND
2026-07-06,Say_Global_Auto_Install_060726_All_Ads4,MG,604,116,0,1,VND
2026-07-06,Say_Global_Auto_Install_060726_All_Ads4,MW,1304,131,1,,VND
2026-07-06,Say_Global_Auto_Install_060726_All_Ads4,MV,40,4,0,,VND
2026-07-06,Say_Global_Auto_Install_060726_All_Ads4,ML,231,14,0,,VND
2026-07-06,Say_Global_Auto_Install_060726_All_Ads4,MR,15,3,0,,VND
2026-07-06,Say_Global_Auto_Install_060726_All_Ads4,MU,41,1,0,,VND
2026-07-06,Say_Global_Auto_Install_060726_All_Ads4,MX,46,1,1,,VND
2026-07-06,Say_Global_Auto_Install_060726_All_Ads4,MN,19,2,0,,VND
2026-07-06,Say_Global_Auto_Install_060726_All_Ads4,MA,759,85,0,,VND
2026-07-06,Say_Global_Auto_Install_060726_All_Ads4,MZ,208,26,0,,VND
2026-07-06,Say_Global_Auto_Install_060726_All_Ads4,MM,382,29,1,1,VND
2026-07-06,Say_Global_Auto_Install_060726_All_Ads4,NA,36,2,0,,VND
2026-07-06,Say_Global_Auto_Install_060726_All_Ads4,NP,2759,386,2,,VND
2026-07-06,Say_Global_Auto_Install_060726_All_Ads4,NI,177,10,0,,VND
2026-07-06,Say_Global_Auto_Install_060726_All_Ads4,NE,154,13,0,,VND
2026-07-06,Say_Global_Auto_Install_060726_All_Ads4,NG,1031,62,0,,VND
2026-07-06,Say_Global_Auto_Install_060726_All_Ads4,PK,11586,1242,14,5,VND
2026-07-06,Say_Global_Auto_Install_060726_All_Ads4,PS,50,5,0,,VND
2026-07-06,Say_Global_Auto_Install_060726_All_Ads4,PA,71,1,0,,VND
2026-07-06,Say_Global_Auto_Install_060726_All_Ads4,PG,458,28,0,,VND
2026-07-06,Say_Global_Auto_Install_060726_All_Ads4,PH,588,19,1,1,VND
2026-07-06,Say_Global_Auto_Install_060726_All_Ads4,QA,33,1,0,,VND
2026-07-06,Say_Global_Auto_Install_060726_All_Ads4,CG,42,8,0,,VND
2026-07-06,Say_Global_Auto_Install_060726_All_Ads4,RW,677,48,1,,VND
2026-07-06,Say_Global_Auto_Install_060726_All_Ads4,ST,6,1,0,,VND
2026-07-06,Say_Global_Auto_Install_060726_All_Ads4,SA,15,4,0,,VND
2026-07-06,Say_Global_Auto_Install_060726_All_Ads4,SN,98,13,1,,VND
2026-07-06,Say_Global_Auto_Install_060726_All_Ads4,SC,3,1,0,,VND
2026-07-06,Say_Global_Auto_Install_060726_All_Ads4,SL,382,43,0,,VND
2026-07-06,Say_Global_Auto_Install_060726_All_Ads4,SB,11,6,0,,VND
2026-07-06,Say_Global_Auto_Install_060726_All_Ads4,SO,3202,223,2,1,VND
2026-07-06,Say_Global_Auto_Install_060726_All_Ads4,ZA,167,8,0,,VND
2026-07-06,Say_Global_Auto_Install_060726_All_Ads4,SS,1011,90,1,,VND
2026-07-06,Say_Global_Auto_Install_060726_All_Ads4,LK,770,50,0,,VND
2026-07-06,Say_Global_Auto_Install_060726_All_Ads4,SR,18,1,0,,VND
2026-07-06,Say_Global_Auto_Install_060726_All_Ads4,SZ,53,10,0,,VND
2026-07-06,Say_Global_Auto_Install_060726_All_Ads4,SY,1825,325,0,,VND
2026-07-06,Say_Global_Auto_Install_060726_All_Ads4,TJ,142,15,0,,VND
2026-07-06,Say_Global_Auto_Install_060726_All_Ads4,TZ,328,34,0,,VND
2026-07-06,Say_Global_Auto_Install_060726_All_Ads4,TL,207,36,0,,VND
2026-07-06,Say_Global_Auto_Install_060726_All_Ads4,TG,44,4,0,,VND
2026-07-06,Say_Global_Auto_Install_060726_All_Ads4,TN,757,61,1,,VND
2026-07-06,Say_Global_Auto_Install_060726_All_Ads4,TR,2,1,0,,VND
2026-07-06,Say_Global_Auto_Install_060726_All_Ads4,TM,381,40,1,,VND
2026-07-06,Say_Global_Auto_Install_060726_All_Ads4,TV,4,1,0,,VND
2026-07-06,Say_Global_Auto_Install_060726_All_Ads4,UG,221,14,0,,VND
2026-07-06,Say_Global_Auto_Install_060726_All_Ads4,AE,2,1,0,,VND
2026-07-06,Say_Global_Auto_Install_060726_All_Ads4,UZ,664,28,0,,VND
2026-07-06,Say_Global_Auto_Install_060726_All_Ads4,VE,982,46,0,,VND
2026-07-06,Say_Global_Auto_Install_060726_All_Ads4,VN,169,2,1,,VND
2026-07-06,Say_Global_Auto_Install_060726_All_Ads4,YE,794,135,1,,VND
2026-07-06,Say_Global_Auto_Install_060726_All_Ads4,ZM,817,39,0,,VND
2026-07-06,Say_Global_Auto_Install_060726_All_Ads4,ZW,758,25,2,1,VND
2026-07-06,Cardia_Global_Auto_Roas_060726_All,AF,0,6,0,,USD
2026-07-06,Cardia_Global_Auto_Roas_060726_All,DZ,0.010021,5,0,,USD
2026-07-06,Cardia_Global_Auto_Roas_060726_All,AO,0,2,0,,USD
2026-07-06,Cardia_Global_Auto_Roas_060726_All,AG,0.010021,2,0,,USD
2026-07-06,Cardia_Global_Auto_Roas_060726_All,AM,0.010021,8,0,,USD
2026-07-06,Cardia_Global_Auto_Roas_060726_All,AU,0.050105,5,0,,USD
2026-07-06,Cardia_Global_Auto_Roas_060726_All,AZ,0,1,0,,USD
2026-07-06,Cardia_Global_Auto_Roas_060726_All,BH,0,2,0,,USD
2026-07-06,Cardia_Global_Auto_Roas_060726_All,BD,0.010021,35,0,,USD
2026-07-06,Cardia_Global_Auto_Roas_060726_All,BB,0,2,0,,USD
2026-07-06,Cardia_Global_Auto_Roas_060726_All,BZ,0,1,0,,USD
2026-07-06,Cardia_Global_Auto_Roas_060726_All,BJ,0.010021,1,0,,USD
2026-07-06,Cardia_Global_Auto_Roas_060726_All,BT,0,4,0,,USD
2026-07-06,Cardia_Global_Auto_Roas_060726_All,BW,0,6,1,,USD
2026-07-06,Cardia_Global_Auto_Roas_060726_All,BR,0.11023,34,0,,USD
2026-07-06,Cardia_Global_Auto_Roas_060726_All,BN,0,1,0,,USD
2026-07-06,Cardia_Global_Auto_Roas_060726_All,BI,0,2,0,,USD
2026-07-06,Cardia_Global_Auto_Roas_060726_All,CM,0,2,0,,USD
2026-07-06,Cardia_Global_Auto_Roas_060726_All,CA,0.040084,6,0,,USD
2026-07-06,Cardia_Global_Auto_Roas_060726_All,TD,0,2,0,,USD
2026-07-06,Cardia_Global_Auto_Roas_060726_All,CL,0.010021,2,0,,USD
2026-07-06,Cardia_Global_Auto_Roas_060726_All,CN,0,4,0,,USD
2026-07-06,Cardia_Global_Auto_Roas_060726_All,CO,0,1,0,,USD
2026-07-06,Cardia_Global_Auto_Roas_060726_All,CY,0,2,0,,USD
2026-07-06,Cardia_Global_Auto_Roas_060726_All,DO,0.030063,13,0,,USD
2026-07-06,Cardia_Global_Auto_Roas_060726_All,SV,0.010021,5,0,,USD
2026-07-06,Cardia_Global_Auto_Roas_060726_All,GQ,0,1,0,,USD
2026-07-06,Cardia_Global_Auto_Roas_060726_All,ET,0.010021,35,0,,USD
2026-07-06,Cardia_Global_Auto_Roas_060726_All,GM,0,1,0,,USD
2026-07-06,Cardia_Global_Auto_Roas_060726_All,GE,0,5,0,,USD
2026-07-06,Cardia_Global_Auto_Roas_060726_All,GH,0.010021,16,0,,USD
2026-07-06,Cardia_Global_Auto_Roas_060726_All,GW,0,2,0,,USD
2026-07-06,Cardia_Global_Auto_Roas_060726_All,GY,0,1,0,,USD
2026-07-06,Cardia_Global_Auto_Roas_060726_All,HT,0.020042,1,1,,USD
2026-07-06,Cardia_Global_Auto_Roas_060726_All,HN,0.010021,4,0,,USD
2026-07-06,Cardia_Global_Auto_Roas_060726_All,HK,0,1,0,,USD
2026-07-06,Cardia_Global_Auto_Roas_060726_All,IN,2.144477,8686,22,7,USD
2026-07-06,Cardia_Global_Auto_Roas_060726_All,ID,0.060126,92,0,,USD
2026-07-06,Cardia_Global_Auto_Roas_060726_All,IQ,0,9,0,,USD
2026-07-06,Cardia_Global_Auto_Roas_060726_All,IL,0.020042,6,0,,USD
2026-07-06,Cardia_Global_Auto_Roas_060726_All,CI,0,2,0,,USD
2026-07-06,Cardia_Global_Auto_Roas_060726_All,JM,0,1,0,,USD
2026-07-06,Cardia_Global_Auto_Roas_060726_All,JP,0,2,0,,USD
2026-07-06,Cardia_Global_Auto_Roas_060726_All,JO,0,4,1,,USD
2026-07-06,Cardia_Global_Auto_Roas_060726_All,KZ,0,1,0,,USD
2026-07-06,Cardia_Global_Auto_Roas_060726_All,KE,0.020042,30,1,,USD
2026-07-06,Cardia_Global_Auto_Roas_060726_All,KW,0.010021,10,0,,USD
2026-07-06,Cardia_Global_Auto_Roas_060726_All,LB,0.010021,10,0,,USD
2026-07-06,Cardia_Global_Auto_Roas_060726_All,LS,0,2,0,,USD
2026-07-06,Cardia_Global_Auto_Roas_060726_All,LR,0,1,0,,USD
2026-07-06,Cardia_Global_Auto_Roas_060726_All,LY,0.010021,6,0,,USD
2026-07-06,Cardia_Global_Auto_Roas_060726_All,MG,0,3,0,,USD
2026-07-06,Cardia_Global_Auto_Roas_060726_All,MW,0,2,0,,USD
2026-07-06,Cardia_Global_Auto_Roas_060726_All,MY,0.040084,18,0,,USD
2026-07-06,Cardia_Global_Auto_Roas_060726_All,MV,0,9,0,,USD
2026-07-06,Cardia_Global_Auto_Roas_060726_All,ML,0,1,0,,USD
2026-07-06,Cardia_Global_Auto_Roas_060726_All,MU,0,3,0,,USD
2026-07-06,Cardia_Global_Auto_Roas_060726_All,MX,0,2,0,,USD
2026-07-06,Cardia_Global_Auto_Roas_060726_All,MN,0,1,0,,USD
2026-07-06,Cardia_Global_Auto_Roas_060726_All,MA,0.010021,9,0,,USD
2026-07-06,Cardia_Global_Auto_Roas_060726_All,MM,0,1,0,,USD
2026-07-06,Cardia_Global_Auto_Roas_060726_All,NA,0,4,1,,USD
2026-07-06,Cardia_Global_Auto_Roas_060726_All,NP,0.020042,20,0,,USD
2026-07-06,Cardia_Global_Auto_Roas_060726_All,NI,0,1,0,,USD
2026-07-06,Cardia_Global_Auto_Roas_060726_All,NG,0.260544,262,1,1,USD
2026-07-06,Cardia_Global_Auto_Roas_060726_All,OM,0,2,0,,USD
2026-07-06,Cardia_Global_Auto_Roas_060726_All,PK,0.040084,60,0,,USD
2026-07-06,Cardia_Global_Auto_Roas_060726_All,PS,0,2,0,,USD
2026-07-06,Cardia_Global_Auto_Roas_060726_All,PA,0,1,0,,USD
2026-07-06,Cardia_Global_Auto_Roas_060726_All,PG,0,2,0,,USD
2026-07-06,Cardia_Global_Auto_Roas_060726_All,PH,0.040084,40,0,,USD
2026-07-06,Cardia_Global_Auto_Roas_060726_All,PR,0.040084,18,0,,USD
2026-07-06,Cardia_Global_Auto_Roas_060726_All,QA,0,2,0,,USD
2026-07-06,Cardia_Global_Auto_Roas_060726_All,CG,0,1,0,,USD
2026-07-06,Cardia_Global_Auto_Roas_060726_All,RW,0,3,0,,USD
2026-07-06,Cardia_Global_Auto_Roas_060726_All,SA,0,34,0,,USD
2026-07-06,Cardia_Global_Auto_Roas_060726_All,SL,0,1,0,,USD
2026-07-06,Cardia_Global_Auto_Roas_060726_All,SO,0,2,0,,USD
2026-07-06,Cardia_Global_Auto_Roas_060726_All,ZA,0.070146,47,0,,USD
2026-07-06,Cardia_Global_Auto_Roas_060726_All,SS,0,4,0,,USD
2026-07-06,Cardia_Global_Auto_Roas_060726_All,LK,0.010021,5,0,,USD
2026-07-06,Cardia_Global_Auto_Roas_060726_All,SY,0.020042,45,0,,USD
2026-07-06,Cardia_Global_Auto_Roas_060726_All,TJ,0,1,0,,USD
2026-07-06,Cardia_Global_Auto_Roas_060726_All,TZ,0,1,0,,USD
2026-07-06,Cardia_Global_Auto_Roas_060726_All,TH,0,3,0,,USD
2026-07-06,Cardia_Global_Auto_Roas_060726_All,TO,0,1,0,,USD
2026-07-06,Cardia_Global_Auto_Roas_060726_All,TT,0,3,1,,USD
2026-07-06,Cardia_Global_Auto_Roas_060726_All,TR,0.010021,17,0,,USD
2026-07-06,Cardia_Global_Auto_Roas_060726_All,AE,0.020042,41,0,,USD
2026-07-06,Cardia_Global_Auto_Roas_060726_All,US,1.513159,74,1,,USD
2026-07-06,Cardia_Global_Auto_Roas_060726_All,UY,0,1,0,,USD
2026-07-06,Cardia_Global_Auto_Roas_060726_All,UZ,0.030063,7,0,,USD
2026-07-06,Cardia_Global_Auto_Roas_060726_All,VE,0.010021,1,0,,USD
2026-07-06,Cardia_Global_Auto_Roas_060726_All,YE,0,1,0,,USD
2026-07-06,Cardia_Global_Auto_Roas_060726_All,ZM,0.030063,21,0,,USD
2026-07-06,Cardia_Global_Auto_Roas_060726_All,ZW,0,2,0,,USD
